N,T,s,w,n_seeds,extinction_time_mean,extinction_time_median,extinction_time_min,extinction_time_max,final_R_mean,final_P_mean
150,30000,0.8,0.1,20,11234.55,9069.0,3042,30001,0.382,0.33066666666666666
150,30000,0.8,0.5,20,12487.75,11194.5,4743,29479,0.3,0.4103333333333333
150,30000,0.8,1.0,20,17911.05,16848.0,5902,30001,0.36766666666666664,0.4066666666666666
150,30000,1.0,0.1,20,11868.0,10534.5,3042,26284,0.40366666666666673,0.2546666666666667
150,30000,1.0,0.5,20,9609.7,8426.0,3199,19557,0.35,0.20400000000000001
150,30000,1.0,1.0,20,12806.55,12563.5,5263,27043,0.24966666666666665,0.45533333333333326
150,30000,1.2,0.1,20,11352.6,10534.5,3042,22919,0.43633333333333335,0.2753333333333333
150,30000,1.2,0.5,20,10883.6,10206.5,2848,21324,0.26066666666666666,0.24766666666666665
150,30000,1.2,1.0,20,12395.25,11383.5,3367,30001,0.358,0.2816666666666666
